Model,Optimal n of features,Best accuracy,Accuracy without RFE
LR L1,17,0.8955555555555555,0.8911111111111112
LR L2,19,0.8933333333333333,0.8866666666666667
DT,2,0.8422222222222221,0.8177777777777777
RF,25,0.8711111111111112,0.8666666666666668
SVC,7,0.8800000000000001,0.8666666666666666
