Model,Optimal n of features,Best accuracy,Accuracy without RFE
LR L1,3,0.5288888888888889,0.4666666666666666
LR L2,1,0.5244444444444444,0.47555555555555556
DT,31,0.4844444444444445,0.4177777777777777
RF,3,0.5199999999999999,0.4533333333333333
SVC,1,0.5199999999999999,0.45777777777777773
